{"cameraMode":{"drawMode":0,"name":"Shaded","section":"Shading Mode"},"sceneLighting":true,"audioPlay":false,"sceneViewState":{"showFog":true,"showMaterialUpdate":false,"showSkybox":true,"showFlares":true,"showImageEffects":true,"showParticleSystems":true},"in2DMode":false,"pivot":{"x":1.3725976943969727,"y":-2.212449550628662,"z":-5.608253479003906},"rotation":{"x":0.14504259824752809,"y":0.8470320105552673,"z":-0.29326531291007998,"w":0.4189237356185913},"size":11.99668025970459,"orthographic":false}